county_fips,county_name,workforce_base,pop_total_base,mig_mean_pct,mig_std_pct,state_fips,estimate_type,acs_overlap_note,wf_end_p5,wf_end_p10,wf_end_p25,wf_end_p50,wf_end_p75,wf_end_p90,wf_end_p95,wf_end_mean,annual_retirements_end,annual_entries_end,pct_change_end,wf_mid_p50,pct_change_mid,forecast_end_year,forecast_start_year
019,Chautauqua County,1819.0,3245.0,-2.0713862422911626,0.5,20,ACS 5-year,ACS 5-year vintage rows are overlapping period estimates,1214.890938352366,1225.264959544482,1238.9460417180392,1255.6249128817863,1272.1658344349719,1287.6507684068094,1297.9775140805366,1255.9198703968964,27.04029284608875,27.537157795843942,-30.97,1447.6001133773586,-20.42,2035,2026
089,Jewell County,1384.0,2798.0,-2.0470668243402494,0.5,20,ACS 5-year,ACS 5-year vintage rows are overlapping period estimates,929.2086344696044,935.3550507440656,946.7217009497967,960.069522766435,972.2039494051112,983.4871546898733,990.6006229131802,959.9181682629732,20.343390523557453,23.16802790604834,-30.63,1096.3113139073719,-20.79,2035,2026
033,Comanche County,891.0,1747.0,-2.4934579093018,0.5,20,ACS 5-year,ACS 5-year vintage rows are overlapping period estimates,615.4599250551378,619.8194563993881,627.1223374128722,634.767045185102,643.066685211963,650.8398346214271,655.1514559810348,635.0612123203854,14.017917864088142,15.346863782463478,-28.76,735.3225350824819,-17.47,2035,2026
165,Rush County,1626.0,2944.0,-2.435186402212997,0.5,20,ACS 5-year,ACS 5-year vintage rows are overlapping period estimates,1124.4892004986496,1131.061760766725,1145.0637985147243,1161.284813191958,1177.8079711361756,1190.8275203072817,1197.9767999969624,1161.253774390283,23.83928415212945,25.081769191495734,-28.58,1350.3851690158983,-16.95,2035,2026
207,Woodson County,1667.0,3019.0,-1.21440972508895,0.5,20,ACS 5-year,ACS 5-year vintage rows are overlapping period estimates,1194.1754535126518,1202.839939634264,1217.9005890583207,1233.0642976411236,1249.9222242973888,1265.414964741349,1272.7126101662077,1233.7715083993698,27.905269629048227,25.368389978649766,-26.03,1376.2868683713305,-17.44,2035,2026
073,Greenwood County,3088.0,5728.0,-1.3950338031905045,0.5,20,ACS 5-year,ACS 5-year vintage rows are overlapping period estimates,2211.7804729779255,2225.693298349493,2254.4853469863765,2286.2783016882686,2315.364272980254,2345.1678526442993,2363.3402572914815,2285.610506231482,52.43304514585912,47.98465120046169,-25.96,2572.2200385972137,-16.7,2035,2026
101,Lane County,725.0,1393.0,-1.0323622552606997,0.5,20,ACS 5-year,ACS 5-year vintage rows are overlapping period estimates,521.0809824378637,524.363064463063,530.838011537086,537.4159558301747,545.3594509845758,551.4803598351222,555.1786400769911,537.9111377974617,17.077261670621255,13.66628556830941,-25.87,610.9333807778181,-15.73,2035,2026
135,Ness County,1465.0,2573.0,-1.5230519472358766,0.5,20,ACS 5-year,ACS 5-year vintage rows are overlapping period estimates,1053.5682860352179,1060.697060824221,1073.7465232851944,1088.3172333168231,1102.7298980067317,1116.324295247933,1122.9756374596243,1088.340792231032,21.707742842998286,19.38778427627722,-25.71,1227.858007826318,-16.19,2035,2026
141,Osborne County,1766.0,3314.0,-1.238054270639089,0.5,20,ACS 5-year,ACS 5-year vintage rows are overlapping period estimates,1288.600298370997,1297.1130788933306,1313.4152600006228,1331.7020211995773,1349.7889656075126,1365.713498247556,1375.9271381376416,1331.5910666515692,29.888817939948943,29.068984024350513,-24.59,1482.114461987203,-16.08,2035,2026
025,Clark County,1023.0,1990.0,-2.665941575298792,0.5,20,ACS 5-year,ACS 5-year vintage rows are overlapping period estimates,747.7211271152997,753.491025866185,761.6131522213047,772.0187302280485,781.8353114512047,791.3350597833293,797.1026147588992,772.0256025576614,14.52134026875156,22.050375808596364,-24.53,869.677153296213,-14.99,2035,2026
047,Edwards County,1509.0,2645.0,-1.1239042218698874,0.5,20,ACS 5-year,ACS 5-year vintage rows are overlapping period estimates,1115.7969075591473,1123.7877322337242,1136.9933567645273,1152.805925473161,1167.6841321192583,1183.1163377841592,1191.0832496792161,1152.8948215837079,26.35209584991162,22.98602299784336,-23.6,1286.9115367797872,-14.72,2035,2026
095,Kingman County,4129.0,6968.0,-1.2873871272165331,0.5,20,ACS 5-year,ACS 5-year vintage rows are overlapping period estimates,3066.392356246861,3088.1158155934245,3126.8676226478674,3168.2059914148467,3207.52876074707,3247.2632382657616,3275.551291138722,3168.3541726945477,66.78181077408209,61.59909525728521,-23.27,3532.013068919253,-14.46,2035,2026
097,Kiowa County,1311.0,2351.0,-1.7261054544846837,0.5,20,ACS 5-year,ACS 5-year vintage rows are overlapping period estimates,987.1065121133411,994.3872487881771,1006.0690334119884,1019.952782955251,1033.2586527760093,1044.9453060900405,1052.8697062971794,1019.847992059429,20.044885702687306,22.81902343434514,-22.2,1135.252978452666,-13.41,2035,2026
007,Barber County,2170.0,3996.0,-1.6430391511762403,0.5,20,ACS 5-year,ACS 5-year vintage rows are overlapping period estimates,1639.1477643871551,1649.2382326704503,1670.334213305627,1693.3850230432945,1715.9065413108851,1737.90986893819,1751.3963443689804,1693.675327324593,32.645203979626366,37.278070417623944,-21.96,1878.5514913994564,-13.43,2035,2026
053,Ellsworth County,3740.0,6139.0,-0.8751720978716907,0.5,20,ACS 5-year,ACS 5-year vintage rows are overlapping period estimates,2827.361596401724,2848.186662997749,2882.647981024331,2923.04018444,2963.0248803286313,3000.432817200499,3024.326664170769,2923.9415727948917,61.662670114167526,40.142439913169845,-21.84,3267.7766766041805,-12.63,2035,2026
145,Pawnee County,3819.0,6376.0,-1.1194734619128348,0.5,20,ACS 5-year,ACS 5-year vintage rows are overlapping period estimates,2895.530354942104,2914.0668612437416,2948.586536548497,2990.2858563657664,3032.8725538047433,3068.758542608565,3093.3812332816906,2991.184495723834,61.369456287086436,49.41331611404543,-21.7,3326.2267742568847,-12.9,2035,2026
049,Elk County,1187.0,2575.0,-2.739471916962433,0.5,20,ACS 5-year,ACS 5-year vintage rows are overlapping period estimates,901.422514798237,907.1367976053614,918.2125353825627,930.350425347139,942.8814180145296,953.0514286671812,959.0906233500385,930.3621364635972,17.820039765767454,26.473612227123226,-21.62,1048.0525499561631,-11.71,2035,2026
125,Montgomery County,17339.0,30182.0,-1.5093444104551494,0.5,20,ACS 5-year,ACS 5-year vintage rows are overlapping period estimates,13186.071005774626,13273.155224661363,13422.444043084899,13600.361595330203,13783.486948550712,13955.255108230785,14056.262784916746,13607.482698665679,270.33020568271183,292.3015098990167,-21.56,15039.872096728945,-13.26,2035,2026
197,Wabaunsee County,3902.0,6589.0,-0.6197961476932636,0.5,20,ACS 5-year,ACS 5-year vintage rows are overlapping period estimates,2973.581323123624,2997.810891120508,3035.5922849139865,3076.6444775898144,3119.6982764036447,3153.408491892666,3176.0347876275487,3076.2743744673435,67.36506181354474,51.543494080076144,-21.15,3380.589725158368,-13.36,2035,2026
195,Trego County,1441.0,2751.0,-0.6645491074172563,0.5,20,ACS 5-year,ACS 5-year vintage rows are overlapping period estimates,1107.1769118948062,1116.3658861726572,1130.006882783318,1144.6791238007258,1160.2654600466717,1173.7803300576106,1181.197837497947,1144.9579464010499,26.064038192871685,23.95136968950339,-20.56,1242.1012165663146,-13.8,2035,2026
137,Norton County,3195.0,5356.0,-1.2572386796207429,0.5,20,ACS 5-year,ACS 5-year vintage rows are overlapping period estimates,2466.208686906297,2483.0854791776737,2513.6294360180823,2548.3964772351537,2584.8575563074437,2617.140156854519,2635.837437146744,2549.4609404078087,48.65781901435048,49.77696714936414,-20.24,2799.389875387901,-12.38,2035,2026
029,Cloud County,4928.0,8859.0,-1.74614936723323,0.5,20,ACS 5-year,ACS 5-year vintage rows are overlapping period estimates,3806.5332273367644,3835.7167744957146,3882.3585240110906,3935.4183380783534,3990.896549141973,4037.9714975685665,4066.4179199467208,3936.618896709663,72.40177830957833,89.92944278143912,-20.14,4339.2224678124,-11.95,2035,2026
157,Republic County,2263.0,4475.0,-1.2647728650240224,0.5,20,ACS 5-year,ACS 5-year vintage rows are overlapping period estimates,1751.5332810842995,1763.4862505811004,1785.1122042644467,1809.491578868413,1832.880678619516,1855.8001102394571,1870.3093430456465,1809.696544350166,37.05948434724073,45.27423931311258,-20.04,1956.3039213569753,-13.55,2035,2026
151,Pratt County,4946.0,8765.0,-1.7841944069141862,0.5,20,ACS 5-year,ACS 5-year vintage rows are overlapping period estimates,3833.1417424677675,3859.7970580343513,3908.6295060249067,3959.4472325026027,4013.9448543738768,4066.528902202236,4098.185736282154,3962.0484178835068,66.70040673431205,84.36999396887632,-19.95,4354.014049376126,-11.97,2035,2026
163,Rooks County,2661.0,4781.0,-0.9048318409584536,0.5,20,ACS 5-year,ACS 5-year vintage rows are overlapping period estimates,2066.093121296129,2082.033228448761,2106.286025309229,2134.736946508907,2163.956478990464,2191.196575314449,2204.801788099296,2135.2589548481405,47.983780601783344,43.2935337600746,-19.78,2339.0111915381863,-12.1,2035,2026
077,Harper County,2838.0,5267.0,-1.6849868790439486,0.5,20,ACS 5-year,ACS 5-year vintage rows are overlapping period estimates,2208.953564693465,2223.679828876583,2251.354177509255,2282.0717987622793,2312.0432743975452,2340.9265714924254,2358.739037634361,2282.2278927220664,43.871634834040705,56.66224389345161,-19.59,2494.487613630926,-12.1,2035,2026
027,Clay County,4249.0,7861.0,-1.3285686163382664,0.5,20,ACS 5-year,ACS 5-year vintage rows are overlapping period estimates,3311.3308643107944,3338.3020041684613,3382.5406176278793,3426.9369283400683,3472.617999244891,3517.299635768687,3548.415670037203,3427.536699560886,73.4544079948958,73.14688972870735,-19.35,3787.7311783798514,-10.86,2035,2026
153,Rawlins County,1263.0,2472.0,-1.0573658243699384,0.5,20,ACS 5-year,ACS 5-year vintage rows are overlapping period estimates,991.3605917554268,998.5336825965708,1011.2603304125756,1025.050106094007,1038.647922255673,1051.2871932441333,1058.3488278393718,1025.0520793358999,21.38159479576957,23.202460143617344,-18.84,1110.6375643650608,-12.06,2035,2026
017,Chase County,1392.0,2551.0,-1.0991876493264612,0.5,20,ACS 5-year,ACS 5-year vintage rows are overlapping period estimates,1096.1123211480917,1103.364127917591,1115.9739631379018,1130.6987143265214,1145.9606312539722,1160.5056742939964,1168.301459496301,1131.1503111930513,23.878860168985334,22.698769467192452,-18.77,1239.7604314512523,-10.94,2035,2026
127,Morris County,2852.0,5512.0,-1.410576305956302,0.5,20,ACS 5-year,ACS 5-year vintage rows are overlapping period estimates,2246.923081832759,2263.9536607904565,2289.191923654304,2319.910447086968,2349.1461770283413,2376.722592108891,2393.6894853485355,2319.939664304755,48.362316637398706,55.27679000181008,-18.66,2531.5730777846584,-11.24,2035,2026
147,Phillips County,2500.0,4654.0,-0.7170530536748656,0.5,20,ACS 5-year,ACS 5-year vintage rows are overlapping period estimates,1970.0010485342852,1987.3226381315067,2008.5627154486392,2036.5895931397542,2063.8846869080444,2088.9489042373934,2105.349737939137,2037.122051368154,43.70828096045393,41.18006594267867,-18.54,2203.791026761408,-11.85,2035,2026
065,Graham County,1247.0,2356.0,-0.9149839225651272,0.5,20,ACS 5-year,ACS 5-year vintage rows are overlapping period estimates,983.104762812147,990.1470274390331,1002.9294394970195,1015.9369346429019,1030.214163870139,1042.6173800109416,1050.3134677090236,1016.3337553490121,21.63457787702949,20.071627254638205,-18.53,1109.550703977492,-11.02,2035,2026
021,Cherokee County,10918.0,19060.0,-1.0643594566987717,0.5,20,ACS 5-year,ACS 5-year vintage rows are overlapping period estimates,8658.314961820157,8722.596725025209,8826.556018858715,8942.062255569592,9057.194845589114,9169.930139340713,9228.350478104208,8942.384282533154,190.678781516291,187.86415917432515,-18.1,9765.254413903129,-10.56,2035,2026
099,Labette County,10998.0,19733.0,-1.3274993364668424,0.5,20,ACS 5-year,ACS 5-year vintage rows are overlapping period estimates,8783.151510309464,8843.339958430037,8942.176506228798,9063.43896340471,9180.124155541733,9289.569832337764,9349.634110205086,9065.09316544273,180.91593140259215,207.49120619897042,-17.59,9862.838970591232,-10.32,2035,2026
013,Brown County,4922.0,8883.0,-0.8055459603765972,0.5,20,ACS 5-year,ACS 5-year vintage rows are overlapping period estimates,3933.769244589273,3959.806290731227,4008.936650407165,4064.495400693149,4122.2031365727935,4174.280921974489,4202.587729346481,4066.241310253378,84.31453965799241,83.97140083651269,-17.42,4383.954750753308,-10.93,2035,2026
105,Lincoln County,1564.0,3000.0,-1.5934169339735798,0.5,20,ACS 5-year,ACS 5-year vintage rows are overlapping period estimates,1253.289346048073,1261.4061648501586,1276.8241256396207,1292.9815397601214,1311.2922317269447,1326.8778422510234,1337.0392328055023,1294.0795938551323,26.568165314521025,27.961458064145138,-17.33,1437.8107872529022,-8.07,2035,2026
205,Wilson County,4509.0,8418.0,-1.2305501328809147,0.5,20,ACS 5-year,ACS 5-year vintage rows are overlapping period estimates,3615.3838385922054,3643.808454800721,3686.129270173158,3734.5517937128457,3786.2249764359403,3833.914378194837,3859.697846377554,3736.4240141690984,76.58114013508846,84.37517733891367,-17.18,4051.849450518309,-10.14,2035,2026
039,Decatur County,1347.0,2651.0,-0.11983810852829206,0.5,20,ACS 5-year,ACS 5-year vintage rows are overlapping period estimates,1084.29653721651,1092.726754996438,1104.596932997158,1120.1341276958988,1135.5800209030372,1149.9851097343312,1157.6837605988276,1120.6701885349314,24.824602425246177,22.943350534564534,-16.84,1183.0418750246936,-12.17,2035,2026
191,Sumner County,12603.0,21422.0,-0.6990819909260984,0.5,20,ACS 5-year,ACS 5-year vintage rows are overlapping period estimates,10158.788224800566,10236.364973171052,10362.915662725089,10510.80764107449,10656.243156717255,10804.770035859787,10889.221862223983,10513.92249003373,216.66548064060714,192.6259084780218,-16.6,11372.680142467341,-9.76,2035,2026
005,Atchison County,9740.0,15343.0,-0.6978002227571836,0.5,20,ACS 5-year,ACS 5-year vintage rows are overlapping period estimates,7869.581651154275,7919.502970258016,8011.81126458683,8129.323515416661,8240.958735811688,8349.14226615069,8407.400213809475,8129.312502169559,140.69749826143988,117.44010448994536,-16.54,8796.201154514023,-9.69,2035,2026
115,Marion County,6494.0,11617.0,-0.816508648687975,0.5,20,ACS 5-year,ACS 5-year vintage rows are overlapping period estimates,5261.913562580268,5298.372978416907,5363.9388417497075,5441.706167053218,5514.099355200384,5585.687567499254,5620.936235655952,5441.227388532044,106.64882246077627,100.98476856384994,-16.2,5871.559468058416,-9.58,2035,2026
011,Bourbon County,7913.0,13822.0,-0.9439781186554311,0.5,20,ACS 5-year,ACS 5-year vintage rows are overlapping period estimates,6428.092256810571,6471.1121617825565,6551.256657815057,6635.788280187413,6721.547213474316,6804.108502740773,6854.9476944849675,6637.6310090063835,119.45620256039253,133.05219216340936,-16.14,7110.769887994055,-10.14,2035,2026
133,Neosho County,8687.0,14837.0,-0.725776617911045,0.5,20,ACS 5-year,ACS 5-year vintage rows are overlapping period estimates,7078.644312231279,7129.707953516587,7223.853759934306,7322.587772691281,7421.610850769704,7512.305331043549,7572.343504294949,7323.172592840395,148.04567623861203,128.43109480704112,-15.71,7955.459380162881,-8.42,2035,2026
187,Stanton County,1288.0,2089.0,-0.8831118912603245,0.5,20,ACS 5-year,ACS 5-year vintage rows are overlapping period estimates,1054.6348746556516,1063.1787236642833,1075.6077036825566,1089.312584866871,1103.5965645894792,1115.7771931725458,1124.0604041567121,1089.5874602052616,19.31589019862569,22.01881540176177,-15.43,1158.119685597057,-10.08,2035,2026
155,Reno County,35376.0,59588.0,-0.6823965457153471,0.5,20,ACS 5-year,ACS 5-year vintage rows are overlapping period estimates,29003.25650099717,29222.731299787203,29586.992625796003,29974.330081319866,30377.00448120141,30796.72658040847,30997.49973592357,29990.57016640126,581.932078569223,496.4461433330436,-15.27,32403.07753482161,-8.4,2035,2026
071,Greeley County,660.0,1229.0,-1.5826632113548071,0.5,20,ACS 5-year,ACS 5-year vintage rows are overlapping period estimates,542.8189758965141,546.5540040055288,552.8700950648765,559.49241864701,567.1161025931563,573.682042458474,578.6908295351134,560.0024425374901,9.830476136242828,14.569500828618743,-15.23,599.2443288762261,-9.21,2035,2026
201,Washington County,2886.0,5381.0,-0.6427993564065428,0.5,20,ACS 5-year,ACS 5-year vintage rows are overlapping period estimates,2375.265013343721,2389.5824903810385,2417.077306243018,2450.9808760488177,2482.462473088736,2513.6498651849547,2529.695503552197,2450.7337601513373,53.16620198080845,54.33305990642281,-15.07,2614.3635035250154,-9.41,2035,2026
041,Dickinson County,10272.0,18382.0,-0.9881090326891554,0.5,20,ACS 5-year,ACS 5-year vintage rows are overlapping period estimates,8458.014268377134,8526.840355143764,8629.683635326897,8743.520530344143,8860.862735668288,8963.42282358745,9028.956505200755,8744.652035516114,179.2835823837259,181.56135203921053,-14.88,9445.270922985786,-8.05,2035,2026
139,Osage County,8831.0,15303.0,-0.37471642460898985,0.5,20,ACS 5-year,ACS 5-year vintage rows are overlapping period estimates,7276.421819687432,7340.112197140054,7426.050577042178,7523.932521739851,7621.568448666161,7709.898852383372,7758.129210941365,7522.974309017176,163.29714209975083,139.3806125567937,-14.8,8051.2993301004935,-8.83,2035,2026
169,Saline County,31387.0,52092.0,-0.4863474527948111,0.5,20,ACS 5-year,ACS 5-year vintage rows are overlapping period estimates,25892.199691218233,26101.52078706807,26436.410988682772,26777.441526920098,27152.253915930014,27456.920202754125,27658.963172828157,26786.43894447846,528.3733350741516,474.6460244362553,-14.69,28643.20185967475,-8.74,2035,2026
123,Mitchell County,3134.0,5866.0,-1.1097241751584668,0.5,20,ACS 5-year,ACS 5-year vintage rows are overlapping period estimates,2590.5829913146695,2608.480235681204,2638.135791512932,2674.1786836181855,2709.0705702855566,2743.478835315876,2765.7259460021623,2674.895610781195,50.70083788392218,64.33376288368399,-14.67,2838.970053726958,-9.41,2035,2026
001,Allen County,7050.0,12516.0,-0.948347191948207,0.5,20,ACS 5-year,ACS 5-year vintage rows are overlapping period estimates,5862.565135494294,5894.86072037514,5970.153018390709,6049.7155535181755,6123.855943952612,6197.9768163815515,6239.712911344188,6048.452970335073,112.8189820474249,119.35881153472394,-14.19,6489.891992974806,-7.94,2035,2026
117,Marshall County,5267.0,9869.0,-0.7598974553224227,0.5,20,ACS 5-year,ACS 5-year vintage rows are overlapping period estimates,4394.704306450104,4424.476352808938,4478.736755260584,4534.363685148064,4594.045087162245,4644.291532974128,4676.634448307168,4535.129539664088,90.5821920376656,102.1799557939555,-13.91,4796.68862125841,-8.93,2035,2026
083,Hodgeman County,861.0,1574.0,0.6824161549998762,0.5,20,ACS 5-year,ACS 5-year vintage rows are overlapping period estimates,719.7339467958857,724.7180773436181,732.0393899008735,741.6852796867887,750.6461193948364,759.2241021472296,764.0780003748556,741.5064057437596,21.88311835940955,16.21472374262861,-13.86,779.1018329039615,-9.51,2035,2026
119,Meade County,2179.0,3549.0,0.05206420821132181,0.5,20,ACS 5-year,ACS 5-year vintage rows are overlapping period estimates,1818.558890387041,1833.544768016898,1853.4919092130458,1878.706438830271,1906.1733204976035,1927.9430535362785,1941.4905081673792,1879.6228449108937,42.041318167725706,30.91022456739556,-13.78,1998.0642105201468,-8.3,2035,2026
067,Grant County,3977.0,6972.0,-1.7882639376878067,0.5,20,ACS 5-year,ACS 5-year vintage rows are overlapping period estimates,3325.6916869488355,3348.479558166735,3387.7823632852674,3434.215171138298,3477.2440478785793,3518.175333430903,3542.4569224353595,3433.4293792739963,54.01892067202273,84.44559034484207,-13.65,3693.3202589522853,-7.13,2035,2026
063,Gove County,1454.0,2737.0,-0.9687558084859108,0.5,20,ACS 5-year,ACS 5-year vintage rows are overlapping period estimates,1220.1529360038978,1228.0577577166557,1242.3536817494273,1258.3535388721457,1275.632482130939,1291.0821398045268,1299.9337388013887,1258.9094001330975,22.161572436533888,29.079188088283185,-13.46,1326.1974326111122,-8.79,2035,2026
003,Anderson County,4203.0,7502.0,-0.5219956134782768,0.5,20,ACS 5-year,ACS 5-year vintage rows are overlapping period estimates,3518.770646276681,3546.9132693483994,3591.0431804081627,3641.0592705749787,3689.5932178297317,3735.4382976903726,3764.323118949901,3641.7966872048946,76.27167662376254,74.3417101413094,-13.37,3876.6941730247017,-7.76,2035,2026
183,Smith County,1800.0,3594.0,-0.33835765367363796,0.5,20,ACS 5-year,ACS 5-year vintage rows are overlapping period estimates,1513.3699766170998,1523.710104520741,1543.1062051658191,1562.650339748287,1584.462229036354,1602.5159169103242,1613.3670622759003,1563.4112950929234,33.23441816622416,33.13879218995608,-13.19,1643.121039414214,-8.72,2035,2026
031,Coffey County,4656.0,8271.0,-0.5031124670143663,0.5,20,ACS 5-year,ACS 5-year vintage rows are overlapping period estimates,3920.8728584043965,3949.199289359722,3991.2114604910807,4042.839083186146,4097.627928707122,4147.662851790146,4174.814763968547,4044.7203842584504,87.31928055731169,78.94374530934482,-13.17,4318.400528552975,-7.25,2035,2026
009,Barton County,13844.0,24830.0,-0.8886335966164619,0.5,20,ACS 5-year,ACS 5-year vintage rows are overlapping period estimates,11655.513366672527,11740.21497380764,11880.768919808854,12041.22828552442,12215.620204217419,12363.574695960957,12449.070144588932,12048.839630664854,212.45821109031573,251.12349518941366,-13.02,12772.764702745644,-7.74,2035,2026
159,Rice County,5383.0,9215.0,-0.7729455371575102,0.5,20,ACS 5-year,ACS 5-year vintage rows are overlapping period estimates,4567.608114156439,4596.60843470207,4654.181352532958,4719.307649282453,4782.114648276251,4838.536333051381,4874.353428457859,4719.425690136695,83.33363667353757,88.91160429003982,-12.33,5009.039709677741,-6.95,2035,2026
177,Shawnee County,102326.0,172331.0,-0.42288532064090917,0.5,20,ACS 5-year,ACS 5-year vintage rows are overlapping period estimates,86830.69510797467,87483.27668266953,88514.98365082266,89724.49272462966,90953.48074830463,92005.59974573056,92712.79495519096,89748.83576038871,1705.516241442704,1557.5930310832614,-12.32,95219.01125703927,-6.95,2035,2026
081,Haskell County,2084.0,3492.0,-0.6566409274344822,0.5,20,ACS 5-year,ACS 5-year vintage rows are overlapping period estimates,1775.257904258727,1785.940991946325,1808.0826212702736,1833.1483386545356,1857.4796955859977,1878.7767919485395,1892.2377003096753,1833.0116995336286,34.76643454479905,37.324152895902856,-12.04,1941.0161139616491,-6.86,2035,2026
113,McPherson County,17631.0,29552.0,-0.5101323493738266,0.5,20,ACS 5-year,ACS 5-year vintage rows are overlapping period estimates,15017.742634083987,15136.743272254196,15329.104202579287,15541.206660310523,15745.0862363905,15935.926341226963,16055.019997734125,15538.284195543834,275.99631074898645,256.72637554351616,-11.85,16481.399404443706,-6.52,2035,2026
035,Cowley County,19782.0,33602.0,-0.6631635789572712,0.5,20,ACS 5-year,ACS 5-year vintage rows are overlapping period estimates,16905.79518539167,17032.966160528995,17248.733344783246,17467.855863455054,17719.001566384646,17913.443217266085,18060.445720658263,17476.736988910296,322.6994209380475,317.1459311836169,-11.7,18574.262041772265,-6.11,2035,2026
199,Wallace County,722.0,1460.0,-0.7444516647964641,0.5,20,ACS 5-year,ACS 5-year vintage rows are overlapping period estimates,619.8051702907113,624.3182840631052,631.6229191619361,640.0033749512754,648.080006686738,656.0659515882082,660.6170251538341,639.9160387550053,11.953209167138851,16.85367162512668,-11.36,660.0851203905809,-8.58,2035,2026
085,Jackson County,7399.0,13150.0,-0.4667435157419189,0.5,20,ACS 5-year,ACS 5-year vintage rows are overlapping period estimates,6367.826040522563,6412.4120060456025,6493.48999425534,6581.482591568782,6668.297011644977,6743.339720507476,6789.559509431722,6580.537414893084,131.94694871997785,139.39692977608772,-11.05,6907.818879203174,-6.64,2035,2026
193,Thomas County,4475.0,7467.0,-0.4825972110710122,0.5,20,ACS 5-year,ACS 5-year vintage rows are overlapping period estimates,3864.6519673543626,3893.7581047042086,3942.661786651745,3996.6216888500403,4053.351660854344,4104.59893120401,4133.122420731685,3998.47866180426,60.81525162300668,68.33879148656156,-10.69,4167.18662277323,-6.88,2035,2026
185,Stafford County,2105.0,3935.0,-0.5510517902929448,0.5,20,ACS 5-year,ACS 5-year vintage rows are overlapping period estimates,1821.3816636534132,1835.186731034843,1856.870423987382,1880.575663957713,1904.7253169705637,1927.1342283221034,1940.211583022036,1880.7642055754852,37.265298722409355,41.288377260630035,-10.66,1971.860983626411,-6.32,2035,2026
167,Russell County,3478.0,6302.0,0.31294414628105754,0.5,20,ACS 5-year,ACS 5-year vintage rows are overlapping period estimates,3002.5932677566243,3026.5497727700504,3063.2727103169173,3107.119258799241,3150.4560985062117,3189.447350007544,3209.8858893894867,3107.3020026993213,68.38564969591573,49.975476487741886,-10.66,3266.6312230180447,-6.08,2035,2026
121,Miami County,20387.0,32821.0,0.3462356600364533,0.5,20,ACS 5-year,ACS 5-year vintage rows are overlapping period estimates,17610.503202056483,17736.317784906856,17963.66846749015,18217.748538291766,18449.576419844194,18683.58223939885,18818.62066005383,18213.00491533344,422.0386558595835,266.86799181157966,-10.64,19301.96912099744,-5.32,2035,2026
143,Ottawa County,3229.0,5924.0,-0.7453505481291092,0.5,20,ACS 5-year,ACS 5-year vintage rows are overlapping period estimates,2803.8947434423308,2822.550452360229,2854.000822698735,2890.0510268203006,2929.905497068401,2964.388259672189,2984.871734665471,2892.353711752935,57.916631611504094,62.51977148282084,-10.5,3062.2745918342275,-5.16,2035,2026
051,Ellis County,18484.0,28488.0,-0.596093355846117,0.5,20,ACS 5-year,ACS 5-year vintage rows are overlapping period estimates,16051.396307857534,16159.52162887353,16368.051580583728,16591.186672658718,16825.16588647243,17028.33308807658,17147.848727915512,16597.522305240484,234.5192641182808,239.4086204114631,-10.24,17449.537576082956,-5.6,2035,2026
107,Linn County,5394.0,9813.0,0.011718765980028596,0.5,20,ACS 5-year,ACS 5-year vintage rows are overlapping period estimates,4703.674351190271,4737.955646765312,4794.4774667386355,4857.152720361695,4921.392205179787,4980.997914380676,5017.120739141636,4857.762374391013,107.71085912651861,95.44906828918008,-9.95,5070.548537156006,-6.0,2035,2026
087,Jefferson County,10650.0,18488.0,0.008183380502524169,0.5,20,ACS 5-year,ACS 5-year vintage rows are overlapping period estimates,9328.018914696388,9389.304501121183,9504.744499440072,9628.251572568639,9761.016059254733,9876.302813999808,9950.233236811804,9631.699260437636,215.41626092230808,181.95936619612092,-9.59,10102.362206975095,-5.14,2035,2026
059,Franklin County,15397.0,25484.0,-0.03148995822952498,0.5,20,ACS 5-year,ACS 5-year vintage rows are overlapping period estimates,13509.703441981444,13604.492465566014,13764.635662438604,13949.074117848466,14140.716413926964,14312.653860839138,14401.632313628123,13951.763446087569,280.9079585835356,235.11023610430271,-9.4,14636.151550415003,-4.94,2035,2026
171,Scott County,2788.0,4937.0,-0.6451580066865972,0.5,20,ACS 5-year,ACS 5-year vintage rows are overlapping period estimates,2451.2304634566353,2467.261607960195,2497.0729297932653,2530.8993336581343,2564.915243327614,2593.604988326916,2610.761941275086,2530.85376208303,43.859970877576956,48.923208524258904,-9.22,2647.4851260011965,-5.04,2035,2026
079,Harvey County,18583.0,32568.0,-0.2834110695120187,0.5,20,ACS 5-year,ACS 5-year vintage rows are overlapping period estimates,16315.297733498504,16434.242057544605,16636.97900421969,16871.25802272192,17101.05089898963,17316.768009050935,17452.036206143926,16874.388805629595,323.9487057490602,292.0880846022173,-9.21,17752.335583337997,-4.47,2035,2026
037,Crawford County,24123.0,37522.0,-0.22818482440802892,0.5,20,ACS 5-year,ACS 5-year vintage rows are overlapping period estimates,21210.382572939172,21348.07464261658,21618.77632678541,21925.126745589798,22216.10130718846,22499.87134793019,22678.778774948336,21927.650756794814,348.8351629978514,321.04811592331794,-9.11,22899.48554189001,-5.07,2035,2026
181,Sherman County,3269.0,5697.0,-0.054910896210192114,0.5,20,ACS 5-year,ACS 5-year vintage rows are overlapping period estimates,2890.7930862185867,2913.6330385898004,2948.843926946899,2990.1917018578843,3028.1024915877065,3066.1388963047175,3092.68662346509,2989.6892946663024,50.66757962050489,53.819833313428525,-8.53,3071.7095739566676,-6.04,2035,2026
061,Geary County,21333.0,35301.0,-1.9344382473724613,0.5,20,ACS 5-year,ACS 5-year vintage rows are overlapping period estimates,18938.989063140154,19066.718140047404,19298.36213287013,19552.72988209276,19808.610394497555,20041.870689876774,20179.457539810028,19554.66226455434,169.86855036555946,522.0518946019023,-8.35,20172.885055231112,-5.44,2035,2026
111,Lyon County,19857.0,31511.0,-0.34746608540152685,0.5,20,ACS 5-year,ACS 5-year vintage rows are overlapping period estimates,17731.651839803046,17861.759027933662,18060.83490278293,18310.826977384604,18554.654487243035,18786.908924029696,18920.29039347511,18314.597832277308,268.711783672543,283.7000468039502,-7.79,19023.066255009806,-4.2,2035,2026
109,Logan County,1496.0,2756.0,-0.27345466823198744,0.5,20,ACS 5-year,ACS 5-year vintage rows are overlapping period estimates,1337.5527964310204,1348.32710265218,1364.1188970807293,1381.4153695267155,1400.6716436864695,1416.542524191977,1425.6550123874244,1382.233081461057,26.311588804536648,30.76616546877668,-7.66,1420.3160088007935,-5.06,2035,2026
131,Nemaha County,5375.0,9717.0,0.07611629382167058,0.5,20,ACS 5-year,ACS 5-year vintage rows are overlapping period estimates,4853.301855467549,4885.123291400539,4946.0079288857905,5015.197735010352,5077.524612726407,5136.817875006683,5174.543895234202,5013.433444206166,97.12810677426518,102.05603910060135,-6.69,5126.29435358857,-4.63,2035,2026
043,Doniphan County,4407.0,7559.0,-0.06347244448569071,0.5,20,ACS 5-year,ACS 5-year vintage rows are overlapping period estimates,3987.275387751633,4022.942321450908,4072.079466376004,4126.819213489212,4181.483386712101,4230.201965513013,4263.4330201555495,4126.669480068637,78.45866722008111,72.86420530143143,-6.36,4279.8304302536235,-2.89,2035,2026
189,Stevens County,2756.0,5052.0,-0.8376478286159065,0.5,20,ACS 5-year,ACS 5-year vintage rows are overlapping period estimates,2535.101427265459,2553.255304111788,2584.1423289069826,2620.7607289700827,2653.847583503106,2682.7294858087057,2700.773185105874,2619.223252046024,44.43801889004671,58.422584915062394,-4.91,2712.1692121442966,-1.59,2035,2026
175,Seward County,12673.0,21719.0,-1.0761511840904463,0.5,20,ACS 5-year,ACS 5-year vintage rows are overlapping period estimates,11789.27268564607,11877.08613169932,12010.601515091052,12169.54130641408,12329.7760762091,12475.250441064654,12563.272018891106,12172.478684915675,178.1058132197812,298.0406611053218,-3.97,12485.160333957458,-1.48,2035,2026
173,Sedgwick County,312848.0,507813.0,0.261531087703559,0.5,20,ACS 5-year,ACS 5-year vintage rows are overlapping period estimates,292974.73660777195,295387.8034443764,298720.55467715976,302753.12291432,307035.8052025564,310608.6708994051,312559.2714192682,302851.7722988719,5289.464061319955,4940.911290993458,-3.23,308648.90797418903,-1.34,2035,2026
023,Cheyenne County,1341.0,2625.0,0.12120436267514219,0.5,20,ACS 5-year,ACS 5-year vintage rows are overlapping period estimates,1269.6790371822235,1279.5000628134717,1293.200118625602,1310.3540232031623,1326.8548939184493,1342.7486550717972,1353.2344089003077,1310.5347706945347,23.6386188887788,26.480611756581897,-2.29,1327.4211416267162,-1.01,2035,2026
069,Gray County,3116.0,5516.0,-0.038265012476346436,0.5,20,ACS 5-year,ACS 5-year vintage rows are overlapping period estimates,2955.6246056185514,2977.0189080086357,3009.706866679021,3049.7428464661352,3090.5891363895385,3126.2074885221055,3148.0232387479514,3050.933167287167,55.73162984024549,63.79489061041155,-2.13,3092.8140886209376,-0.74,2035,2026
179,Sheridan County,1244.0,2483.0,-0.42367682200064066,0.5,20,ACS 5-year,ACS 5-year vintage rows are overlapping period estimates,1189.6741073409808,1197.1395088015522,1211.531898808144,1225.783123746905,1241.739977872564,1255.675268919883,1265.635355588895,1226.4597105401258,22.86320833634663,29.015783636653662,-1.46,1251.6825550968465,0.62,2035,2026
103,Leavenworth County,50105.0,81044.0,0.6201054002234472,0.5,20,ACS 5-year,ACS 5-year vintage rows are overlapping period estimates,48055.202745751594,48390.73958712419,48956.64595481252,49587.838564578255,50295.79422961679,50960.54240039397,51266.257091143285,49636.55196312916,951.4388254426653,786.1021866667709,-1.03,50262.86077733822,0.32,2035,2026
129,Morton County,1462.0,3728.0,-4.932632452539265,0.5,20,ACS 5-year,ACS 5-year vintage rows are overlapping period estimates,1406.9988142692446,1416.287012522406,1433.1771290920628,1451.2468772821057,1469.4899633744662,1485.6666606922834,1494.5878456555388,1451.1315490049783,20.864131248990862,57.3312190453955,-0.74,1648.6333788456377,12.77,2035,2026
055,Finney County,22180.0,37023.0,-0.24651227853064198,0.5,20,ACS 5-year,ACS 5-year vintage rows are overlapping period estimates,21460.668265837925,21614.72713008832,21849.53418562495,22138.919039831882,22439.44849031737,22698.290396808858,22846.295591135316,22148.378886922077,358.13995752617154,457.2473284537666,-0.19,22428.012594437776,1.12,2035,2026
161,Riley County,53154.0,71503.0,0.35191412648624104,0.5,20,ACS 5-year,ACS 5-year vintage rows are overlapping period estimates,52085.77119795197,52461.086450820505,53107.51030114602,53846.819816211384,54610.28147263578,55368.60512690293,55773.55947458955,53882.3767316751,477.70067355291593,496.9204951140227,1.3,53765.30474664728,1.15,2035,2026
045,Douglas County,82467.0,117496.0,0.9452475272219482,0.5,20,ACS 5-year,ACS 5-year vintage rows are overlapping period estimates,82483.81232310261,83020.31821171923,84064.78167443382,85223.99967662363,86504.11085088462,87619.28939097351,88237.76022938582,85279.72979390479,1113.874112408896,791.3127438383485,3.34,84682.5700400706,2.69,2035,2026
091,Johnson County,375875.0,605450.0,1.0194511547551128,0.5,20,ACS 5-year,ACS 5-year vintage rows are overlapping period estimates,376411.3396860939,379109.17354459595,383789.5824968722,388772.29033206054,393963.15430057107,398704.55964007054,401355.8678383159,388879.2527023767,7375.8933105186625,5763.95368518935,3.43,387105.59704827674,2.99,2035,2026
057,Ford County,19832.0,34078.0,-0.0833670288849289,0.5,20,ACS 5-year,ACS 5-year vintage rows are overlapping period estimates,19939.851176522876,20064.796287909998,20288.026328392534,20551.096167153173,20831.782525207203,21045.15057698558,21177.244353851274,20560.416958515518,321.89420096762547,456.0255516763806,3.63,20425.145132568887,2.99,2035,2026
209,Wyandotte County,99382.0,162808.0,0.6540878591395514,0.5,20,ACS 5-year,ACS 5-year vintage rows are overlapping period estimates,100790.49660876993,101532.48824432945,102727.67814890778,104182.65121602127,105507.52381970544,106878.99899024941,107603.38524860697,104182.69150060778,1748.8535176187265,1848.0902931402607,4.83,102712.69441896224,3.35,2035,2026
075,Hamilton County,1344.0,2283.0,0.2345763470587567,0.5,20,ACS 5-year,ACS 5-year vintage rows are overlapping period estimates,1366.7384138978248,1375.440315789991,1391.7622573458234,1410.2296332342457,1428.859896471024,1444.7828542476982,1454.7196461754882,1410.369309752337,22.03956091803907,28.698625201177737,4.93,1390.4707463510367,3.46,2035,2026
015,Butler County,40400.0,73200.0,0.17372958657426693,0.5,20,ACS 5-year,ACS 5-year vintage rows are overlapping period estimates,42069.80429331435,42311.072296791994,42820.44776388496,43358.54157446466,43895.52975261259,44394.638628560024,44720.32742134922,43363.71058946215,735.3366398904985,978.3652129342106,7.32,42498.908924242955,5.2,2035,2026
093,Kearny County,2062.0,3904.0,-0.06952650253810892,0.5,20,ACS 5-year,ACS 5-year vintage rows are overlapping period estimates,2142.2230285440332,2161.1835784242407,2187.1891351612935,2215.4961718211543,2244.8321409726746,2270.8713321330397,2285.5147513210036,2215.6447750274097,36.441628585723016,50.05205930814024,7.44,2201.162870954752,6.75,2035,2026
149,Pottawatomie County,14627.0,24689.0,1.1386080562416963,0.5,20,ACS 5-year,ACS 5-year vintage rows are overlapping period estimates,15223.643402892256,15322.003407042748,15498.200729251674,15718.24093588888,15916.454088392698,16115.000900000674,16229.93044658796,15716.936198085861,286.59856457143377,267.4664575574251,7.46,15333.044437347216,4.83,2035,2026
203,Wichita County,954.0,2064.0,0.6588448157175517,0.5,20,ACS 5-year,ACS 5-year vintage rows are overlapping period estimates,1039.74591158917,1046.557439805445,1059.5009528712817,1073.5001137872086,1087.0143951535395,1098.6414474327448,1105.4860144667725,1073.1251624883037,17.495575241082392,27.038297947853387,12.53,1019.5793027235233,6.87,2035,2026
